,,Development,software developers,Experienced software developers,"The challenges one faces during the designing of a high-quality PC game application architecture can not be described in a few words. Not only a desktop app should provide a top-notch user experience: its operational stability, faultless workflow, well-thought gaming system require a keen understanding of node js, rails, api, bigcommerce, codeigniter and php from your development team.

Luckily, our candidates are capable of implementing all the latest game dev technologies into the project of yours. Their rich experience of work under the multi platform desktop applications will be in great use for your project, while the outstaff work principle will allow you to save money without cutting corners.",https://static.tildacdn.com/tild3661-3236-4665-b337-393664303233/14x.png,,,,,"node js, rails, api, bigcommerce, codeigniter, php"
,,Development,software developers,Experienced software developers,"The challenges one faces during the designing of a high-quality PC game application architecture can not be described in a few words. Not only a desktop app should provide a top-notch user experience: its operational stability, faultless workflow, well-thought gaming system require a keen understanding of c, python, rails, twilio, blockchain and blockchain from your development team.

Luckily, our candidates are capable of implementing all the latest game dev technologies into the project of yours. Their rich experience of work under the multi platform desktop applications will be in great use for your project, while the outstaff work principle will allow you to save money without cutting corners.",https://static.tildacdn.com/tild6235-3333-4436-b834-633935656133/34x.png,,,,,"c, python, rails, twilio, blockchain, blockchain"
,,Development,software developers,Experienced software developers,"The challenges one faces during the designing of a high-quality PC game application architecture can not be described in a few words. Not only a desktop app should provide a top-notch user experience: its operational stability, faultless workflow, well-thought gaming system require a keen understanding of c++, haskell, drupal, python, rails and blockchain from your development team.

Luckily, our candidates are capable of implementing all the latest game dev technologies into the project of yours. Their rich experience of work under the multi platform desktop applications will be in great use for your project, while the outstaff work principle will allow you to save money without cutting corners.",https://static.tildacdn.com/tild6533-3062-4137-a162-626132333364/24x.png,,,,,"c++, haskell, drupal, python, rails, blockchain"
,,Development,software developers,Experienced software developers,"The challenges one faces during the designing of a high-quality PC game application architecture can not be described in a few words. Not only a desktop app should provide a top-notch user experience: its operational stability, faultless workflow, well-thought gaming system require a keen understanding of java, golang, twilio, c#, ror and twilio from your development team.

Luckily, our candidates are capable of implementing all the latest game dev technologies into the project of yours. Their rich experience of work under the multi platform desktop applications will be in great use for your project, while the outstaff work principle will allow you to save money without cutting corners.",https://static.tildacdn.com/tild3861-3336-4439-b666-666435633431/74x.png,,,,,"java, golang, twilio, c#, ror, twilio"
,,Front End,Vue.js developers,Experienced Vue.js developers,"Why looking for the Vue.js developers on a full-time basis, if with our help, you’ll get talented outstaff workers in minutes? The time spent on an unproductive search might already be bringing you the money!

Here’s how an optimized version of the recruitment process should look like. First, you determine the set of skills your development team should have. Whether it is the complete mastery over electron, bootstrap, wix, symfony, moodle or a deep understanding of reactjs, you can be sure that our candidates can provide you with that. We made sure that the developers among whom you’ll be choosing have an actual experience of work under the Vue Js single-page apps and user interface development. So, the second – and the final – step is hiring your perfect dev team and already get that work done!
",https://static.tildacdn.com/tild6239-3033-4131-b038-386430373932/94x.png,,,,,"electron, bootstrap, wix, symfony, moodle, reactjs"
,,Front End,Vue.js developers,Experienced Vue.js developers,"Why looking for the Vue.js developers on a full-time basis, if with our help, you’ll get talented outstaff workers in minutes? The time spent on an unproductive search might already be bringing you the money!

Here’s how an optimized version of the recruitment process should look like. First, you determine the set of skills your development team should have. Whether it is the complete mastery over vue js, html, javascript, typo3, joomla or a deep understanding of ux, you can be sure that our candidates can provide you with that. We made sure that the developers among whom you’ll be choosing have an actual experience of work under the Vue Js single-page apps and user interface development. So, the second – and the final – step is hiring your perfect dev team and already get that work done!
",https://static.tildacdn.com/tild3861-3336-4439-b666-666435633431/74x.png,,,,,"vue js, html, javascript, typo3, joomla, ux"
,,Front End,Vue.js developers,Experienced Vue.js developers,"Why looking for the Vue.js developers on a full-time basis, if with our help, you’ll get talented outstaff workers in minutes? The time spent on an unproductive search might already be bringing you the money!

Here’s how an optimized version of the recruitment process should look like. First, you determine the set of skills your development team should have. Whether it is the complete mastery over cakephp, typo3, salesforce, salesforce, javascript or a deep understanding of kentico, you can be sure that our candidates can provide you with that. We made sure that the developers among whom you’ll be choosing have an actual experience of work under the Vue Js single-page apps and user interface development. So, the second – and the final – step is hiring your perfect dev team and already get that work done!
",https://static.tildacdn.com/tild3661-3236-4665-b337-393664303233/14x.png,,,,,"cakephp, typo3, salesforce, salesforce, javascript, kentico"
,,Front End,Vue.js developers,Experienced Vue.js developers,"Why looking for the Vue.js developers on a full-time basis, if with our help, you’ll get talented outstaff workers in minutes? The time spent on an unproductive search might already be bringing you the money!

Here’s how an optimized version of the recruitment process should look like. First, you determine the set of skills your development team should have. Whether it is the complete mastery over html5, react, wix, salesforce, html5 or a deep understanding of visualforce's, you can be sure that our candidates can provide you with that. We made sure that the developers among whom you’ll be choosing have an actual experience of work under the Vue Js single-page apps and user interface development. So, the second – and the final – step is hiring your perfect dev team and already get that work done!
",https://static.tildacdn.com/tild3861-3336-4439-b666-666435633431/74x.png,,,,,"html5, react, wix, salesforce, html5, visualforce's"
,,Front End,Node.js developers,Experienced Node.js developers,"Your browser-less JavaScript application is much easier to create than you think.

Our company offers you the services of the top-notch Node.js developers with at least five years of experience 'in the field'.In their skill luggage, you’ll be able to find a full possession of angular, visualforce's, kentico, bootstrap, electron, as well as phonegap. This guarantees that your project will be elaborated, analyzed, and brought into life by those creators who used to work with complex applications and sophisticated architectures.

Pick 'em up and hire today, so that tomorrow your project will already start to shape up!",https://static.tildacdn.com/tild6533-3062-4137-a162-626132333364/24x.png,,,,,"angular, visualforce's, kentico, bootstrap, electron, phonegap"
,,Front End,Node.js developers,Experienced Node.js developers,"Your browser-less JavaScript application is much easier to create than you think.

Our company offers you the services of the top-notch Node.js developers with at least five years of experience 'in the field'.In their skill luggage, you’ll be able to find a full possession of symfony, cakephp, odoo, joomla, typo3, as well as electron. This guarantees that your project will be elaborated, analyzed, and brought into life by those creators who used to work with complex applications and sophisticated architectures.

Pick 'em up and hire today, so that tomorrow your project will already start to shape up!",https://static.tildacdn.com/tild6239-3033-4131-b038-386430373932/94x.png,,,,,"symfony, cakephp, odoo, joomla, typo3, electron"
,,Front End,Node.js developers,Experienced Node.js developers,"Your browser-less JavaScript application is much easier to create than you think.

Our company offers you the services of the top-notch Node.js developers with at least five years of experience 'in the field'.In their skill luggage, you’ll be able to find a full possession of joomla, json, ux, electron, cakephp, as well as phonegap. This guarantees that your project will be elaborated, analyzed, and brought into life by those creators who used to work with complex applications and sophisticated architectures.

Pick 'em up and hire today, so that tomorrow your project will already start to shape up!",https://static.tildacdn.com/tild3037-3235-4833-a634-663161616563/64x.png,,,,,"joomla, json, ux, electron, cakephp, phonegap"
,,Front End,Node.js developers,Experienced Node.js developers,"Your browser-less JavaScript application is much easier to create than you think.

Our company offers you the services of the top-notch Node.js developers with at least five years of experience 'in the field'.In their skill luggage, you’ll be able to find a full possession of wordpress, html5, wix, bootstrap, joomla, as well as vue js. This guarantees that your project will be elaborated, analyzed, and brought into life by those creators who used to work with complex applications and sophisticated architectures.

Pick 'em up and hire today, so that tomorrow your project will already start to shape up!",https://static.tildacdn.com/tild3861-3336-4439-b666-666435633431/74x.png,,,,,"wordpress, html5, wix, bootstrap, joomla, vue js"
,,Front End,Ember.js developers,Experienced Ember.js developers,"Web applications built on Ember.js are known for their scalability, definite structure, and convenience. And while your competitors search for the skilled team of full-time Ember.js developers, you can avoid this money- and time-losing step by hiring our professional creators.

laravel, js, angularjs, typo3, react and laravel – they know it all, and we’re not even mentioning the amount of experience our devs have obtained during the work under the projects for well-known global companies. Get all the benefits from work with the highly qualified app developers, season that with the outstaff principles our company advances, and receive your product while putting minimum efforts and collecting maximum recoil!
",https://static.tildacdn.com/tild6533-3062-4137-a162-626132333364/24x.png,,,,,"laravel, js, angularjs, typo3, react, laravel"
,,Front End,Ember.js developers,Experienced Ember.js developers,"Web applications built on Ember.js are known for their scalability, definite structure, and convenience. And while your competitors search for the skilled team of full-time Ember.js developers, you can avoid this money- and time-losing step by hiring our professional creators.

reactjs, angular, joomla, phonegap, javascript and joomla – they know it all, and we’re not even mentioning the amount of experience our devs have obtained during the work under the projects for well-known global companies. Get all the benefits from work with the highly qualified app developers, season that with the outstaff principles our company advances, and receive your product while putting minimum efforts and collecting maximum recoil!
",https://static.tildacdn.com/tild6235-3333-4436-b834-633935656133/34x.png,,,,,"reactjs, angular, joomla, phonegap, javascript, joomla"
,,Front End,Ember.js developers,Experienced Ember.js developers,"Web applications built on Ember.js are known for their scalability, definite structure, and convenience. And while your competitors search for the skilled team of full-time Ember.js developers, you can avoid this money- and time-losing step by hiring our professional creators.

salesforce, wordpress, react, javascript, kentico and vue js – they know it all, and we’re not even mentioning the amount of experience our devs have obtained during the work under the projects for well-known global companies. Get all the benefits from work with the highly qualified app developers, season that with the outstaff principles our company advances, and receive your product while putting minimum efforts and collecting maximum recoil!
",https://static.tildacdn.com/tild6239-3033-4131-b038-386430373932/94x.png,,,,,"salesforce, wordpress, react, javascript, kentico, vue js"
,,Front End,Ember.js developers,Experienced Ember.js developers,"Web applications built on Ember.js are known for their scalability, definite structure, and convenience. And while your competitors search for the skilled team of full-time Ember.js developers, you can avoid this money- and time-losing step by hiring our professional creators.

salesforce, joomla, react, jquery, kentico and html5 – they know it all, and we’re not even mentioning the amount of experience our devs have obtained during the work under the projects for well-known global companies. Get all the benefits from work with the highly qualified app developers, season that with the outstaff principles our company advances, and receive your product while putting minimum efforts and collecting maximum recoil!
",https://static.tildacdn.com/tild3661-3236-4665-b337-393664303233/14x.png,,,,,"salesforce, joomla, react, jquery, kentico, html5"
,,Front End,Angular.js developers,Experienced Angular.js developers,"What does it take to make an outstanding Angular.js single-page application? The question is irrelevant unless we specify the executor.

As for our developers, it is necessary to know kentico, phonegap, wix, wordpress, kentico flawlessly. Aside from that, a substantial understanding of the html5 main principles is a must-have. The practical experience in the front-end development of the web applications on JavaScript is another point in the resume of a good developer, who will be able to deliver a seamless product to your business successfully.

For you, a perfect Angular.js application is only a few clicks away – simply choose and hire the professional front-end developers among our extensive base of the outstaff candidates.
",https://static.tildacdn.com/tild3266-6234-4033-a438-313165376633/104x.png,,,,,"kentico, phonegap, wix, wordpress, kentico, html5"
,,Front End,Angular.js developers,Experienced Angular.js developers,"What does it take to make an outstanding Angular.js single-page application? The question is irrelevant unless we specify the executor.

As for our developers, it is necessary to know json, visualforce's, ember js, reactjs, javascript flawlessly. Aside from that, a substantial understanding of the phonegap main principles is a must-have. The practical experience in the front-end development of the web applications on JavaScript is another point in the resume of a good developer, who will be able to deliver a seamless product to your business successfully.

For you, a perfect Angular.js application is only a few clicks away – simply choose and hire the professional front-end developers among our extensive base of the outstaff candidates.
",https://static.tildacdn.com/tild6235-3333-4436-b834-633935656133/34x.png,,,,,"json, visualforce's, ember js, reactjs, javascript, phonegap"
,,Front End,Angular.js developers,Experienced Angular.js developers,"What does it take to make an outstanding Angular.js single-page application? The question is irrelevant unless we specify the executor.

As for our developers, it is necessary to know symfony, ember js, moodle, html, visualforce's flawlessly. Aside from that, a substantial understanding of the angular main principles is a must-have. The practical experience in the front-end development of the web applications on JavaScript is another point in the resume of a good developer, who will be able to deliver a seamless product to your business successfully.

For you, a perfect Angular.js application is only a few clicks away – simply choose and hire the professional front-end developers among our extensive base of the outstaff candidates.
",https://static.tildacdn.com/tild3266-6234-4033-a438-313165376633/104x.png,,,,,"symfony, ember js, moodle, html, visualforce's, angular"
,,Front End,Angular.js developers,Experienced Angular.js developers,"What does it take to make an outstanding Angular.js single-page application? The question is irrelevant unless we specify the executor.

As for our developers, it is necessary to know js, angularjs, joomla, reactjs, odoo flawlessly. Aside from that, a substantial understanding of the visualforce's main principles is a must-have. The practical experience in the front-end development of the web applications on JavaScript is another point in the resume of a good developer, who will be able to deliver a seamless product to your business successfully.

For you, a perfect Angular.js application is only a few clicks away – simply choose and hire the professional front-end developers among our extensive base of the outstaff candidates.
",https://static.tildacdn.com/tild3266-6234-4033-a438-313165376633/104x.png,,,,,"js, angularjs, joomla, reactjs, odoo, visualforce's"
,,Mobile Department,mobile developers (Androind & iOS),Experienced mobile developers (Androind & iOS),"In order to develop an impeccable game application for Android you’ll need two basic ingredients: original concept and a developers team with a rich background of work with blackberry, mql4, xamarin, swift, mt4 and ios. That’s it – using your team’s vast experience, you’ll be able to embody your wildest designs into life.

Our company lends you the tools to bring your concepts into realisation. We provide our customers with the best outstaff Android developers, who have proven their mastery during the years of work under the similarly challenging tasks.

Choose among dozens of candidates, and pick up the creators who will handle their talent and dedication to your project. You wouldn’t need to worry either about work organisation or about its in-time delivery. Our assistance will take away all the management-concerned tasks and will allow you to enjoy only the results of our fruitful work.




",https://static.tildacdn.com/tild6337-3764-4630-b363-356661316235/84x.png,,,,,"blackberry, mql4, xamarin, swift, mt4, ios"
,,Mobile Department,mobile developers (Androind & iOS),Experienced mobile developers (Androind & iOS),"In order to develop an impeccable game application for Android you’ll need two basic ingredients: original concept and a developers team with a rich background of work with android, android, android, android, xamarin and mt4. That’s it – using your team’s vast experience, you’ll be able to embody your wildest designs into life.

Our company lends you the tools to bring your concepts into realisation. We provide our customers with the best outstaff Android developers, who have proven their mastery during the years of work under the similarly challenging tasks.

Choose among dozens of candidates, and pick up the creators who will handle their talent and dedication to your project. You wouldn’t need to worry either about work organisation or about its in-time delivery. Our assistance will take away all the management-concerned tasks and will allow you to enjoy only the results of our fruitful work.




",https://static.tildacdn.com/tild3266-6234-4033-a438-313165376633/104x.png,,,,,"android, android, android, android, xamarin, mt4"
,,Mobile Department,mobile developers (Androind & iOS),Experienced mobile developers (Androind & iOS),"In order to develop an impeccable game application for Android you’ll need two basic ingredients: original concept and a developers team with a rich background of work with mql4, xamarin, mt4, react native, ios and react native. That’s it – using your team’s vast experience, you’ll be able to embody your wildest designs into life.

Our company lends you the tools to bring your concepts into realisation. We provide our customers with the best outstaff Android developers, who have proven their mastery during the years of work under the similarly challenging tasks.

Choose among dozens of candidates, and pick up the creators who will handle their talent and dedication to your project. You wouldn’t need to worry either about work organisation or about its in-time delivery. Our assistance will take away all the management-concerned tasks and will allow you to enjoy only the results of our fruitful work.




",https://static.tildacdn.com/tild6533-3062-4137-a162-626132333364/24x.png,,,,,"mql4, xamarin, mt4, react native, ios, react native"
,,Mobile Department,mobile developers (Androind & iOS),Experienced mobile developers (Androind & iOS),"In order to develop an impeccable game application for Android you’ll need two basic ingredients: original concept and a developers team with a rich background of work with xamarin, react native, react native, mt4, mql4 and ios. That’s it – using your team’s vast experience, you’ll be able to embody your wildest designs into life.

Our company lends you the tools to bring your concepts into realisation. We provide our customers with the best outstaff Android developers, who have proven their mastery during the years of work under the similarly challenging tasks.

Choose among dozens of candidates, and pick up the creators who will handle their talent and dedication to your project. You wouldn’t need to worry either about work organisation or about its in-time delivery. Our assistance will take away all the management-concerned tasks and will allow you to enjoy only the results of our fruitful work.




",https://static.tildacdn.com/tild3661-3236-4665-b337-393664303233/14x.png,,,,,"xamarin, react native, react native, mt4, mql4, ios"
